{"cameraMode":{"drawMode":0,"name":"Shaded","section":"Shading Mode"},"sceneLighting":false,"audioPlay":false,"sceneViewState":{"m_AlwaysRefresh":false,"showFog":true,"showSkybox":false,"showFlares":true,"showImageEffects":true,"showParticleSystems":true,"showVisualEffectGraphs":true,"m_FxEnabled":true},"in2DMode":false,"pivot":{"x":-0.48042818903923037,"y":1.4034181833267213,"z":2.9929354190826418},"rotation":{"x":0.023781996220350267,"y":0.970211386680603,"z":-0.21624873578548432,"w":0.10665423423051834},"size":4.911521911621094,"orthographic":false}